epoch,train_loss,train_auroc,train_auprc,train_accuracy,train_f1,val_loss,val_auroc,val_auprc,val_accuracy,val_f1
1,0.8157175821617435,0.5933056083432023,0.4946596866651142,0.5647408799123219,0.5103909827404015,0.7919522440224364,0.6969039612482237,0.5994787509299865,0.5296052631578947,0.598690364826941
2,0.7755127451090218,0.6676135291423512,0.5781381011793595,0.6297166118678565,0.5525070955534531,0.7523034267258226,0.7127944914830161,0.6253945202888809,0.6589912280701754,0.5945241199478487
3,0.7556096937000537,0.6966183264428878,0.6059665137962358,0.6530452481603256,0.5862584017923824,0.7571078016046893,0.7267509357673293,0.6426785098349059,0.6140350877192983,0.6286919831223629
4,0.7479140115247117,0.70734462325941,0.6198520770384945,0.6578988570533897,0.5994500458295142,0.7560698484119616,0.7338167297183691,0.647376752727052,0.6885964912280702,0.5136986301369864
5,0.7365559726995501,0.7214915085842404,0.6318790514602023,0.6671363707530922,0.6123267687819111,0.7237190666951632,0.7353079525210674,0.6528660802670561,0.6776315789473685,0.6090425531914894
